Week,Date,Communication Type,Audience,Key Topics,Decisions Made,Action Items,Owner,Status
1,Jan 8 2025,Kickoff Meeting,Executive Sponsor + Project Team,"Project charter review, roles & responsibilities, success criteria, 90-day timeline","Ã¢Å“â€¦ Budget approved $1.23M, Ã¢Å“â€¦ Team dedicated 90%, Ã¢Å“â€¦ Weekly exec check-ins scheduled","Setup repos and tools, baseline GOALS assessment, schedule domain expert workshops",Engineering Manager,Ã¢Å“â€¦ Complete
1,Jan 10 2025,Weekly Exec Update,CEO + CTO + CDO,"Week 1 progress: current-state assessment complete, all 7 layers evaluated, stakeholder sign-offs obtained","Ã¢Å“â€¦ Proceed to Week 2, Ã¢Å“â€¦ Allocate additional DBA support for CDC",Complete data quality baseline by Week 2,Data Engineering Lead,Ã¢Å“â€¦ Complete
2,Jan 17 2025,Weekly Exec Update,CEO + CTO + CDO,"Week 2 progress: observability dashboard operational, data quality baseline established, identified 3 critical issues","Ã¢Å“â€¦ Approved 2-day delay for EHR CDC implementation (complexity underestimated), Ã¢Å“â€¦ Prioritize quality fixes",Fix top 3 data quality issues by Week 3,Data Engineering Lead,Ã¢Å“â€¦ Complete
2,Jan 19 2025,All-Hands Demo,Full Engineering Team + Nursing Staff,"Demo: Grafana dashboard showing real-time data health, 12 metrics, 5 alerts configured","N/A - informational only","Training: All engineers to review dashboard daily, nursing staff to provide feedback on relevance",Engineering Manager,Ã¢Å“â€¦ Complete
3,Jan 24 2025,Weekly Exec Update,CEO + CTO + CDO,"Week 3 progress: CDC operational for 3 tables (2 days late but stable), quality issues resolved","Ã¢Å“â€¦ Accept 2-day delay, Ã¢Å“â€¦ Focus on business glossary Week 4","Engage domain experts for glossary workshops, schedule 2-hour sessions",Product Manager,Ã¢Å“â€¦ Complete
4,Jan 31 2025,Weekly Exec Update,CEO + CTO + CDO,"Week 4 progress: business glossary 50 terms validated, entity resolution 82%, dbt metrics layer deployed","Ã¢Å“â€¦ Excellent progress, on track","Vector DB deployment Week 5, prepare for first agent POC",ML Engineering Lead,Ã¢Å“â€¦ Complete
4,Feb 2 2025,Domain Expert Workshop,Clinical Domain Experts (5 nurses + 2 physicians),"Business glossary validation, entity definitions, clinical terminology review","Ã¢Å“â€¦ 50 terms approved, Ã¢Å“â€¦ Identified 15 additional terms for Phase 2",Document 15 additional terms for future iteration,Product Manager,Ã¢Å“â€¦ Complete
5,Feb 7 2025,Weekly Exec Update,CEO + CTO + CDO,"Week 5 progress: vector DB operational (Pinecone), 100K embeddings, <50ms latency","Ã¢Å“â€¦ On track, Ã¢Å“â€¦ Approved ML Engineering team augmentation request (1 contractor)","RAG pipeline development Week 6, focus on accuracy",ML Engineering Lead,Ã¢Å“â€¦ Complete
6,Feb 14 2025,Weekly Exec Update,CEO + CTO + CDO,"Week 6 progress: RAG pipeline operational but accuracy 72% (below 85% target)","Ã¢Å¡Â Ã¯Â¸Â Risk flagged: accuracy gap, Ã¢Å“â€¦ Approved 1-week extension for accuracy tuning","Implement reranking + hybrid search to improve accuracy to 85%+",ML Engineering Lead,Ã¢Å“â€¦ Complete
6,Feb 16 2025,Tech Deep Dive,Engineering Team + Security Team,"RAG architecture review, accuracy improvement strategies, security considerations","Ã¢Å“â€¦ Approved 3-stage RAG approach, Ã¢Å“â€¦ Security review passed for patient data handling","Implement reranking (Cohere), add hybrid search, tune prompts",ML Engineering Lead,Ã¢Å“â€¦ Complete
7,Feb 21 2025,Weekly Exec Update,CEO + CTO + CDO,"Week 7 progress: RAG accuracy improved 72% Ã¢â€ â€™ 85% with reranking + hybrid search, semantic caching deployed","Ã¢Å“â€¦ Accuracy target met! Ã¢Å“â€¦ On track for Phase 2 completion","ABAC deployment Week 8, prepare for HITL workflows",Security Lead,Ã¢Å“â€¦ Complete
8,Feb 28 2025,Weekly Exec Update,CEO + CTO + CDO,"Week 8 progress: ABAC operational (<8ms), audit logging enabled, Phase 2 infrastructure complete","Ã¢Å“â€¦ Phase 2 success! Ã¢Å“â€¦ Proceed to Phase 3 (Operationalization)","HITL workflow implementation Week 9, user acceptance testing planning",Product Manager,Ã¢Å“â€¦ Complete
8,Mar 1 2025,Phase 2 Retrospective,Full Project Team,"Phase 2 learnings: what went well (RAG tuning, team collaboration), what to improve (earlier performance testing)","Ã¢Å“â€¦ Captured 12 lessons learned, Ã¢Å“â€¦ Process improvements for Phase 3","Apply lessons to Phase 3, earlier performance testing, better stakeholder communication",Engineering Manager,Ã¢Å“â€¦ Complete
9,Mar 7 2025,Weekly Exec Update,CEO + CTO + CDO,"Week 9 progress: HITL operational but 22% escalation rate (target <15%), human review queue challenges","Ã¢Å¡Â Ã¯Â¸Â Risk flagged: high escalation rate, Ã¢Å“â€¦ Approved additional reviewer training, Ã¢Å“â€¦ Budget for 2 temp reviewers","Tune confidence thresholds, train 2 additional reviewers, optimize queue management",Product Manager,Ã¢Å“â€¦ Complete
10,Mar 14 2025,Weekly Exec Update,CEO + CTO + CDO,"Week 10 progress: escalation rate improved 22% Ã¢â€ â€™ 12%, feedback loop operational, override rate decreasing","Ã¢Å“â€¦ HITL optimization successful! Ã¢Å“â€¦ On track for Week 12 UAT","Continue weekly retraining, multi-agent orchestration Week 11",ML Engineering Lead,Ã¢Å“â€¦ Complete
10,Mar 16 2025,Nursing Staff Preview,50 Nurses (UAT Participants),"Preview demo of scheduling agent, gather early feedback, UAT preparation","Ã¢Å“â€¦ Enthusiastic reception, Ã¢Å“â€¦ 23 feedback items captured (mostly UI/UX)","Incorporate feedback into UAT build, schedule UAT Week 12",Product Manager,Ã¢Å“â€¦ Complete
11,Mar 21 2025,Weekly Exec Update,CEO + CTO + CDO,"Week 11 progress: multi-agent orchestration operational (3 agents), parallel execution <3s, Layer 7 complete","Ã¢Å“â€¦ All 7 layers production-ready! Ã¢Å“â€¦ UAT scheduled Week 12","UAT with 50 nurses, prepare for production rollout planning",Product Manager,Ã¢Å“â€¦ Complete
12,Mar 28 2025,Weekly Exec Update,CEO + CTO + CDO,"Week 12 progress: UAT 94% success rate, 4.3/5 satisfaction, 87% NLU accuracy, 11 medium issues identified","Ã¢Å“â€¦ UAT successful! Ã¢Å¡Â Ã¯Â¸Â 5 critical issues need fixing before launch (Week 13), Ã¢Å“â€¦ 6 lower-priority deferred to Month 2","Fix 5 critical issues Week 13, plan production rollout Week 14, defer 6 items to backlog",Product Manager,Ã¢ÂÂ³ In Progress
12,Mar 30 2025,Project Completion Demo,All Stakeholders (80+ attendees),"Final demo: scheduling agent end-to-end, metrics review (all GOALS 85-95%), lessons learned, next steps","Ã¢Å“â€¦ Celebration of team success! Ã¢Å“â€¦ Production rollout approved for Week 14, Ã¢Å“â€¦ Month 2-3 roadmap reviewed","Production rollout Week 14, monitor closely for 2 weeks, begin planning next use case (clinical documentation)",Executive Sponsor,Ã¢Å“â€¦ Complete
